local_rrt_cost,local_rrt_star_cost,local_astar_cost,local_rrt_time,local_rrt_star_time,local_astar_time,global_rrt_cost,global_rrt_star_cost,global_astar_cost,global_rrt_time,global_rrt_star_time,global_astar_time
1028.6901222918434,580.3261238390276,616.3767670841366,0.5109915733337402,10.362504243850708,1.5147793292999268,78.90622054439082,78.90622054439083,72.89949493661167,0.07882142066955566,0.23978066444396973,13.45479965209961
636.0861760317143,412.97762225094255,417.3919189857866,0.5762016773223877,20.318391799926758,1.3689513206481934,79.07434554544658,79.07434554544658,79.89949493661167,0.006770133972167969,0.7923774719238281,10.205606698989868
1064.4630670324702,514.3191456489789,547.7838379715733,0.6908457279205322,17.54619598388672,1.2410447597503662,314.47027708441135,75.86171250234382,76.29646455628168,0.21431255340576172,3.7468578815460205,10.915940999984741
-1.0,-1.0,-1.0,-1.0,-1.0,-1.0,89.75099695395923,89.75099695395923,73.39696961967,0.12283039093017578,0.04728889465332031,12.590598821640015
-1.0,-1.0,-1.0,-1.0,-1.0,-1.0,75.01003232997535,75.01003232997535,82.79898987322333,0.10412883758544922,0.05425548553466797,10.793628215789795
