local_rrt_cost,local_rrt_star_cost,local_astar_cost,local_rrt_time,local_rrt_star_time,local_astar_time,global_rrt_cost,global_rrt_star_cost,global_astar_cost,global_rrt_time,global_rrt_star_time,global_astar_time
186.9614241048962,76.7138464272256,667.4844148224618,0.3137397766113281,8.077630996704102,2.3821589946746826,482.36639058696096,323.76595910463425,-1.0,0.515939474105835,15.468562602996826,-1.0
164.9254639846741,97.86055865167307,748.4284989122464,0.0410618782043457,4.001094818115234,2.322465658187866,444.61304388222715,189.45538667853705,-1.0,0.31415247917175293,13.922977209091187,-1.0
77.32836694559711,76.66159209359205,740.3889603929565,0.028391361236572266,12.304182291030884,2.2936909198760986,298.0499663262543,167.75461554984372,1307.2236636408618,0.16862773895263672,3.6971373558044434,5.926250457763672
